Scheme_Code,Scheme_Name,AMC,Scheme_Type,Scheme_Category,Scheme_NAV_Name,Scheme_Min_Amt,NAV,Latest_NAV_Date,Average_AUM_Cr,AAUM_Quarter,ISIN_Div_Payout/Growth,ISIN_Div_Reinvestment,ISIN_Div_Payout/Growth/Div_Reinvestment,Launch_Date,Closure_Date
154307,JioBlackRock Large Cap Fund,Jio BlackRock Asset Management Private Limited,Open Ended,Equity Scheme - Large Cap Fund,JioBlackRock Large Cap Fund - Direct Plan - Growth Option,Rs. 500/- and any amount thereafter.,10.0324,2026-07-17,,,INF22M001176,-,INF22M001176,2026-03-24,
119598,SBI Large Cap Fund,SBI Funds Management Limited,Open Ended,Equity Scheme - Large Cap Fund,SBI Large Cap FUND-DIRECT PLAN -GROWTH,5000,105.185,2026-07-17,15773.4284,April - June 2026,INF200K01QX4,-,INF200K01QX4,2005-12-23,
148507,Sundaram Large Cap Fund ( Formerly Know as Sundaram Blue Chip Fund),Sundaram Asset Management Company Ltd,Open Ended,Equity Scheme - Large Cap Fund,Sundaram Large Cap Fund (Formerly Known as Sundaram Blue Chip Fund)Direct Plan - Growth,100,22.6013,2026-07-17,292.8996,April - June 2026,INF903JA1JC0,-,INF903JA1JC0,2020-09-17,
150797,WhiteOak Capital Large Cap Fund,WhiteOak Capital Asset Management Limited,Open Ended,Equity Scheme - Large Cap Fund,WhiteOak Capital Large Cap Fund Direct Plan Growth,500/- and in multiple of Re. 1/- thereafter,15.894,2026-07-17,130.9652,April - June 2026,INF03VN01696,-,INF03VN01696,2022-11-10,2022-11-24
120267,LIC MF Large Cap Fund,LIC Mutual Fund Asset Management Limited,Open Ended,Equity Scheme - Large Cap Fund,LIC MF Large Cap Fund-Direct Plan-Growth,Rs. 2000,61.2867,2026-07-17,284.93240000000003,April - June 2026,INF767K01EJ7,-,INF767K01EJ7,1994-09-01,1994-09-15
152354,Motilal Oswal Large Cap Fund,Motilal Oswal Asset Management Company Limited,Open Ended,Equity Scheme - Large Cap Fund,Motilal Oswal Large Cap Direct Plan Growth,500,14.1993,2026-07-17,1166.7404,April - June 2026,INF247L01CE3,-,INF247L01CE3,2024-01-17,
120656,UTI - Large Cap Fund,UTI Asset Mgmt. Co. Ltd.,Open Ended,Equity Scheme - Large Cap Fund,UTI Large Cap Fund - Direct Plan - Growth Option,5000,294.1408,2026-07-17,1333.204,April - June 2026,INF789F01US8,-,INF789F01US8,2003-02-01,
119528,Aditya Birla Sun Life Large Cap Fund,Aditya Birla Sun Life AMC Limited,Open Ended,Equity Scheme - Large Cap Fund,Aditya Birla Sun Life Large Cap Fund - Growth - Direct Plan,5000,578.05,2026-07-17,,,INF209K01YY7,-,INF209K01YY7,2002-09-23,
119018,HDFC Large Cap Fund,HDFC Asset Management Company Limited,Open Ended,Equity Scheme - Large Cap Fund,HDFC Large Cap Fund - Growth Option - Direct Plan,For new investors  Rs.5000 For existing Rs. 1000,1239.108,2026-07-17,10397.7551,April - June 2026,INF179K01YV8,-,INF179K01YV8,1996-08-19,2000-08-09
120392,Invesco India Largecap Fund,Invesco Asset Management (India) Private Limited,Open Ended,Equity Scheme - Large Cap Fund,Invesco India Largecap Fund - Direct Plan - Growth,Rs. 5000/- and in multiples of Re.1/- thereafter.,87.26,2026-07-17,313.0063,April - June 2026,INF205K01LB0,-,INF205K01LB0,2009-07-10,2009-07-31
119133,Groww Large Cap Fund,Groww Asset Management Limited,Open Ended,Equity Scheme - Large Cap Fund,Groww Largecap Fund (formerly known as Indiabulls Blue Chip Fund) - Direct Plan - Growth Option,500,52.13,2026-07-17,34.6352,April - June 2026,INF666M01600,-,INF666M01600,2012-01-20,2012-02-03
154155,Parag Parikh Large Cap Fund,PPFAS Asset Management Pvt. Ltd.,Open Ended,Equity Scheme - Large Cap Fund,Parag Parikh Large Cap Fund - Direct Plan - Growth,1000,9.6867,2026-07-17,483.9308,April - June 2026,INF879O01332,-,INF879O01332,2026-01-19,
118269,Canara Robeco Large Cap Fund,Canara Robeco Asset Management Company Limited,Open Ended,Equity Scheme - Large Cap Fund,CANARA ROBECO LARGE CAP FUND - DIRECT PLAN - GROWTH OPTION,Rs. 5000.00,72.24,2026-07-17,,,INF760K01FR2,-,INF760K01FR2,2010-06-28,2010-07-27
118632,Nippon India Large Cap Fund,Nippon Life India Asset Management Limited,Open Ended,Equity Scheme - Large Cap Fund,Nippon India Large Cap Fund - Direct Plan Growth Plan - Growth Option,100 & in multiples of Rs. 1 thereafter,101.802,2026-07-17,17676.6112,April - June 2026,INF204K01XI3,-,INF204K01XI3,2007-06-12,2007-07-10
150440,quant Large Cap Fund,quant Money Managers Limited,Open Ended,Equity Scheme - Large Cap Fund,quant Large Cap Fund - Growth Option - Direct Plan,5000,17.1312,2026-07-17,,,INF966L01AT0,-,INF966L01AT0,2022-07-20,
120152,Kotak Large Cap Fund,Kotak Mahindra Asset Management Company Limited.,Open Ended,Equity Scheme - Large Cap Fund,Kotak Large Cap  Fund - Growth - Direct,5000,662.425,2026-07-17,2722.9343,April - June 2026,INF174K01KW6,-,INF174K01KW6,1998-12-22,1998-12-22
120490,JM Large Cap Fund,JM Financial Asset Management Limited,Open Ended,Equity Scheme - Large Cap Fund,JM Large Cap Fund (Direct) - Growth Option,Rs.5000/- & in multiples of any amount thereafter,177.476,2026-07-17,,,INF192K01BZ0,-,INF192K01BZ0,1995-04-01,
118633,Nippon India Large Cap Fund,Nippon Life India Asset Management Limited,Open Ended,Equity Scheme - Large Cap Fund,Nippon India Large Cap Fund - Direct Plan Growth Plan - Bonus Option,100 & in multiples of Rs. 1 thereafter,101.802,2026-07-17,0.4503,April - June 2026,INF204K01D30,-,INF204K01D30,2007-06-12,2007-07-10
119250,DSP Large Cap Fund,DSP Asset Managers Private Limited,Open Ended,Equity Scheme - Large Cap Fund,DSP Large Cap Fund - Direct Plan - Growth,Rs. 1000/- & any amount thereafter,509.086,2026-07-17,1990.7084,April - June 2026,INF740K01PR3,-,INF740K01PR3,2003-02-10,2003-02-21
118479,BANDHAN LARGE CAP FUND,Bandhan AMC Limited,Open Ended,Equity Scheme - Large Cap Fund,BANDHAN Large Cap Fund-Direct Plan-Growth,Rs. 1000/-,90.912,2026-07-17,334.6954,April - June 2026,INF194K01Z44,-,INF194K01Z44,2006-04-19,
150584,WhiteOak Capital Mid Cap Fund,WhiteOak Capital Asset Management Limited,Open Ended,Equity Scheme - Mid Cap Fund,WhiteOak Capital Mid Cap Fund Direct Plan Growth,500/- and in multiples of   1/- thereafter,22.974,2026-07-17,702.6469000000001,April - June 2026,INF03VN01597,-,INF03VN01597,2022-08-16,2022-08-30
120403,Invesco India Midcap Fund,Invesco Asset Management (India) Private Limited,Open Ended,Equity Scheme - Mid Cap Fund,Invesco India Midcap Fund - Direct Plan - Growth Option,Rs.100 per app.;in multiples of Re.1 thereafter,240.76,2026-07-17,3907.0931,April - June 2026,INF205K01MV6,-,INF205K01MV6,2007-02-15,2007-03-15
150212,Baroda BNP Paribas Mid Cap Fund,Baroda BNP Paribas Asset Management India Private Limited,Open Ended,Equity Scheme - Mid Cap Fund,BARODA BNP PARIBAS Mid Cap Fund - Direct Plan - Growth Option,5000,134.6372,2026-07-17,,,INF251K01HQ0,-,INF251K01HQ0,2006-03-13,
147445,Mirae Asset Midcap Fund,Mirae Asset Investment Managers (India) Pvt. Ltd,Open Ended,Equity Scheme - Mid Cap Fund,Mirae Asset Midcap Fund- Direct Growth Option,Investors can invest under the Scheme with a minim,43.669,2026-07-17,5833.2561,April - June 2026,INF769K01FA9,-,INF769K01FA9,2019-07-08,
120726,UTI - Mid Cap Fund,UTI Asset Mgmt. Co. Ltd.,Open Ended,Equity Scheme - Mid Cap Fund,UTI Mid Cap Fund-Growth Option- Direct,5000,346.294,2026-07-17,1266.8728999999998,April - June 2026,INF789F01UA6,-,INF789F01UA6,2003-01-02,
151036,HSBC Midcap Fund,HSBC Asset Management (India) Private Ltd.,Open Ended,Equity Scheme - Mid Cap Fund,HSBC Midcap Fund - Direct Growth,5000,517.54,2026-07-17,,,INF917K01FZ1,-,INF917K01FZ1,2004-06-24,
140228,Edelweiss Mid Cap Fund,Edelweiss Asset Management Limited,Open Ended,Equity Scheme - Mid Cap Fund,Edelweiss Mid Cap Fund - Direct Plan - Growth Option,5000,127.303,2026-07-17,4447.8252,April - June 2026,INF843K01AO4,-,INF843K01AO4,2007-11-09,
120381,ICICI Prudential MidCap Fund,ICICI Prudential Asset Management Company Limited,Open Ended,Equity Scheme - Mid Cap Fund,ICICI Prudential MidCap Fund - Direct Plan -  Growth,Rs. 5000/- (plus in multiple of Re. 1/-),379.8,2026-07-17,,,INF109K011N7,-,INF109K011N7,2004-09-06,2004-09-06
119581,Sundaram Mid Cap Fund,Sundaram Asset Management Company Ltd,Open Ended,Equity Scheme - Mid Cap Fund,Sundaram Mid Cap Fund Direct Plan - Growth,Rs.5000/-,1637.6727,2026-07-17,1294.3892999999998,April - June 2026,INF903J01MJ3,-,INF903J01MJ3,2002-06-24,
120841,Quant Mid Cap Fund,quant Money Managers Limited,Open Ended,Equity Scheme - Mid Cap Fund,quant Mid Cap Fund - Growth Option - Direct Plan,Rs. 5000/-,254.1999,2026-07-17,,,INF966L01887,-,INF966L01887,2001-02-12,2001-02-26
119620,Aditya Birla Sun Life Midcap Fund,Aditya Birla Sun Life AMC Limited,Open Ended,Equity Scheme - Mid Cap Fund,Aditya Birla Sun Life Midcap Fund - Growth - Direct Plan,5000,943.06,2026-07-17,,,INF209K01Q30,-,INF209K01Q30,2002-09-09,2002-09-09
154210,TRUSTMF MID CAP FUND,Trust Asset Management Private Limited,Open Ended,Equity Scheme - Mid Cap Fund,TRUSTMF MID CAP FUND -DIRECT -GROWTH,1000,11.83,2026-07-17,,,INF0GCD01875,-,INF0GCD01875,2026-02-27,2026-03-13
118533,Franklin India Mid Cap Fund,Franklin Templeton Asset Management (India) Private Limited,Open Ended,Equity Scheme - Mid Cap Fund,Franklin India Mid Cap Fund - Direct - Growth,Rs.5000,3195.9391,2026-07-17,,,INF090I01FH9,-,INF090I01FH9,1993-12-01,
118872,Taurus Mid Cap Fund,Taurus Asset Management Company Limited,Open Ended,Equity Scheme - Mid Cap Fund,Taurus Mid Cap Fund - Direct Plan - Growth,Rs. 500 and in multiples of Re 1 therafter,128.87,2026-07-17,,,INF044D01CA9,-,INF044D01CA9,1994-09-05,
125307,PGIM India Midcap Fund,PGIM India Asset Management Private Limite,Open Ended,Equity Scheme - Mid Cap Fund,PGIM India Midcap Fund - Direct Plan - Growth Option,Rs. 5000/- and in multiples of 1/- thereafter,76.71,2026-07-17,4160.2589,April - June 2026,INF663L01DV3,-,INF663L01DV3,2013-11-11,2013-11-25
150815,JM Midcap Fund,JM Financial Asset Management Limited,Open Ended,Equity Scheme - Mid Cap Fund,JM Midcap Fund (Direct) - Growth,Rs. 5000 and any amount thereafter,22.1112,2026-07-17,,,INF192K01MV6,-,INF192K01MV6,2022-10-31,2022-11-14
118989,HDFC Mid Cap Fund,HDFC Asset Management Company Limited,Open Ended,Equity Scheme - Mid Cap Fund,HDFC Mid Cap Fund - Growth Option - Direct Plan,Rs. 5000,229.279,2026-07-17,26843.5866,April - June 2026,INF179K01XQ0,-,INF179K01XQ0,2007-05-07,2007-06-08
119775,Kotak Midcap Fund,Kotak Mahindra Asset Management Company Limited.,Open Ended,Equity Scheme - Mid Cap Fund,Kotak Midcap Fund - Direct Plan - Growth,5000,171.164,2026-07-17,16327.0012,April - June 2026,INF174K01LT0,-,INF174K01LT0,2007-02-12,2007-03-12
118665,Nippon India Growth Mid Cap Fund,Nippon Life India Asset Management Limited,Open Ended,Equity Scheme - Mid Cap Fund,Nippon India Growth Mid Cap Fund - Direct Plan Growth Plan - Bonus Option,Purchase Rs 100 & in multiples of Rs 1 thereafter,821.6944,2026-07-17,0.7426,April - June 2026,INF204K01E21,-,INF204K01E21,1995-09-25,
118666,Nippon India Growth Mid Cap Fund,Nippon Life India Asset Management Limited,Open Ended,Equity Scheme - Mid Cap Fund,NIPPON INDIA GROWTH MID CAP FUND - DIRECT Plan - IDCW Option,Purchase Rs 100 & in multiples of Rs 1 thereafter,191.8428,2026-07-17,110.3268,April - June 2026,INF204K01E39,INF204K01E47,INF204K01E39INF204K01E47,1995-09-25,
154269,The Wealth Company Small Cap Fund,Wealth Company Asset Management Holdings Private Limited,Open Ended,Equity Scheme - Small Cap Fund,The Wealth Company Small Cap Fund- Direct-Growth,10000,11.4703,2026-07-17,,,INF2F0001537,-,INF2F0001537,2026-03-05,2026-03-18
145137,Invesco India Smallcap Fund,Invesco Asset Management (India) Private Limited,Open Ended,Equity Scheme - Small Cap Fund,Invesco India Smallcap Fund - Direct Plan - Growth,Rs.100 per app.;in multiples of Re.1 thereafter,52.72,2026-07-17,3648.1076,April - June 2026,INF205K013T3,-,INF205K013T3,2018-10-10,
152128,Baroda BNP Paribas Small Cap Fund,Baroda BNP Paribas Asset Management India Private Limited,Open Ended,Equity Scheme - Small Cap Fund,Baroda BNP Paribas Small Cap Fund - Direct Plan - Growth option,5000,14.3892,2026-07-17,,,INF251K01SR5,-,INF251K01SR5,2023-10-06,
153196,Mirae Asset Small Cap Fund,Mirae Asset Investment Managers (India) Pvt. Ltd,Open Ended,Equity Scheme - Small Cap Fund,Mirae Asset Small Cap Fund - Direct Plan - Growth,Rs.5000/- and in multiples of Re. 1/- thereafter,12.386,2026-07-17,707.7543,April - June 2026,INF769K01NJ4,-,INF769K01NJ4,2025-01-10,
146130,Canara Robeco Small Cap Fund,Canara Robeco Asset Management Company Limited,Open Ended,Equity Scheme - Small Cap Fund,CANARA ROBECO SMALL CAP FUND - DIRECT PLAN - GROWTH OPTION,5000,45.11,2026-07-17,,,INF760K01JC6,-,INF760K01JC6,2019-01-25,2019-02-08
153612,Bajaj Finserv Small Cap Fund,Bajaj Finserv Asset Management Limited,Open Ended,Equity Scheme - Small Cap Fund,BAJAJ FINSERV SMALL CAP FUND - DIRECT - GROWTH,500,10.884,2026-07-17,154.6756,April - June 2026,INF0QA701BN2,-,INF0QA701BN2,2025-06-27,
149019,PGIM India Small Cap Fund,PGIM India Asset Management Private Limite,Open Ended,Equity Scheme - Small Cap Fund,PGIM India Small Cap Fund - Direct Plan- Growth Option,Rs.5000 & in multiples of Re.1 thereafter,18.94,2026-07-17,150.632,April - June 2026,INF663L01W06,-,INF663L01W06,2021-07-09,
130503,HDFC Small Cap Fund,HDFC Asset Management Company Limited,Open Ended,Equity Scheme - Small Cap Fund,HDFC Small Cap Fund - Growth Option - Direct Plan,5000,160.53,2026-07-17,14004.7419,April - June 2026,INF179KA1RW5,-,INF179KA1RW5,2008-02-11,
120828,Quant Small Cap Fund,quant Money Managers Limited,Open Ended,Equity Scheme - Small Cap Fund,quant Small Cap Fund - Growth Option - Direct Plan,Rs. 5000/-,313.4689,2026-07-17,,,INF966L01689,-,INF966L01689,1996-09-23,1996-10-30
146196,Edelweiss Small Cap Fund,Edelweiss Asset Management Limited,Open Ended,Equity Scheme - Small Cap Fund,Edelweiss Small Cap Fund - Direct Plan - Growth,5000,52.779,2026-07-17,1425.9503,April - June 2026,INF754K01JN6,-,INF754K01JN6,2019-01-18,
125354,Axis Small Cap Fund,Axis Asset Management Co. Ltd.,Open Ended,Equity Scheme - Small Cap Fund,Axis Small Cap Fund - Direct Plan - Growth,Rs. 5000/- and in multiples of Re. 1/- thereafter,132.3,2026-07-17,,,INF846K01K35,-,INF846K01K35,2013-11-11,2013-11-25
154215,Abakkus Small Cap Fund,Abakkus Investment Managers Private Limited,Open Ended,Equity Scheme - Small Cap Fund,Abakkus Small Cap Fund - Direct Plan - Growth,Rs. 500/- and in multiples of Re. 1/- thereafter.,12.297,2026-07-17,,,INF2JJD01177,-,INF2JJD01177,2026-02-26,2026-03-12
118525,Franklin India Small Cap Fund,Franklin Templeton Asset Management (India) Private Limited,Open Ended,Equity Scheme - Small Cap Fund,Franklin India Small Cap Fund - Direct - Growth,Rs.5000/- and in multiples of Re.1/- thereafter,203.8232,2026-07-17,,,INF090I01IQ4,-,INF090I01IQ4,2005-11-16,
119556,Aditya Birla Sun Life Small Cap Fund,Aditya Birla Sun Life AMC Limited,Open Ended,Equity Scheme - Small Cap Fund,Aditya Birla Sun Life Small Cap Fund - Growth - Direct Plan,Rs. 5000/-,109.4685,2026-07-17,,,INF209K01WN4,-,INF209K01WN4,2007-04-09,2007-04-15
152939,TRUSTMF SMALL CAP FUND,Trust Asset Management Private Limited,Open Ended,Equity Scheme - Small Cap Fund,TRUSTMF SMALL CAP FUND -DIRECT PLAN-GROWTH,1000,13.15,2026-07-17,,,INF0GCD01800,-,INF0GCD01800,2024-10-11,
145678,BANK OF INDIA SMALL CAP FUND,Bank of India Investment Managers Private Limited,Open Ended,Equity Scheme - Small Cap Fund,BANK OF INDIA Small Cap Fund Direct Plan Growth,5000,62.11,2026-07-17,879.2484,April - June 2026,INF761K01EP7,-,INF761K01EP7,2018-11-28,2018-12-12
147946,BANDHAN Small Cap Fund,Bandhan AMC Limited,Open Ended,Equity Scheme - Small Cap Fund,BANDHAN SMALL CAP FUND - DIRECT PLAN GROWTH,Fresh Purchase 5000/- Additional Purchase 1000/-,55.527,2026-07-17,11915.9733,April - June 2026,INF194KB1AL4,-,INF194KB1AL4,2020-02-03,
119589,Sundaram Small Cap Fund,Sundaram Asset Management Company Ltd,Open Ended,Equity Scheme - Small Cap Fund,Sundaram Small Cap Fund Direct Plan - Growth,Rs.5000/-,323.2067,2026-07-17,334.5782,April - June 2026,INF903J01NK9,-,INF903J01NK9,2005-01-03,2005-01-03
129649,Union Small Cap Fund,Union Asset Management Company Private Limited,Open Ended,Equity Scheme - Small Cap Fund,Union Small Cap Fund - Direct Plan - Growth Option,Rs.1000 and in multiples of  Rs.1 thereafter.,63.65,2026-07-17,,,INF582M01BU9,-,INF582M01BU9,2014-05-20,
118777,Nippon India Small Cap Fund,Nippon Life India Asset Management Limited,Open Ended,Equity Scheme - Small Cap Fund,Nippon India Small Cap Fund - Direct Plan Growth Plan - Bonus Option,5000 and in multiples of Re.1/-,203.5938,2026-07-17,3.7923,April - June 2026,INF204K01J83,-,INF204K01J83,2010-08-26,
144646,DSP Corporate Bond Fund,DSP Asset Managers Private Limited,Open Ended,Debt Scheme - Corporate Bond Fund,DSP Corporate Bond Fund - Direct - Growth,Rs. 1000/  and any amount thereafter.,17.2974,2026-07-17,2116.5435,April - June 2026,INF740KA1KE8,-,INF740KA1KE8,2018-08-23,2018-09-05
133791,Kotak Corporate Bond Fund,Kotak Mahindra Asset Management Company Limited.,Open Ended,Income/Debt Oriented Schemes - Corporate Bond Fund,Kotak Corporate Bond Fund- Direct Plan- Growth Option,5000,4186.0394,2026-07-17,13069.7039,April - June 2026,INF178L01BY0,-,INF178L01BY0,2007-09-18,2007-09-20
118569,Franklin India Corporate Debt Fund,Franklin Templeton Asset Management (India) Private Limited,Open Ended,Debt Scheme - Corporate Bond Fund,Franklin India Corporate Debt Fund - Direct - GROWTH,PlanA Rs.50 lakhs; PlanB Rs.25000 (MD&QD),115.345,2026-07-17,,,INF090I01FW8,-,INF090I01FW8,1997-06-24,
126685,Canara Robeco Corporate Bond Fund,Canara Robeco Asset Management Company Limited,Open Ended,Debt Scheme - Corporate Bond Fund,CANARA ROBECO CORPORATE BOND FUND - DIRECT PLAN - GROWTH OPTION,Rs. 5000.00 and multiples of Re.1.00 thereafter,24.5484,2026-07-17,,,INF760K01HB2,-,INF760K01HB2,2014-01-17,
148086,UTI - Bond Fund ( Segregated - 17022020 ),UTI Asset Mgmt. Co. Ltd.,Open Ended,Debt Scheme - Corporate Bond Fund,UTI - Bond Fund (Segregated - 17022020) - Direct Plan - Growth Option,Rs 5000,7.3484,2022-01-27,,,INF789F1APF4,-,INF789F1APF4,2020-02-17,
141588,AXIS Corporate Bond Fund,Axis Asset Management Co. Ltd.,Open Ended,Debt Scheme - Corporate Bond Fund,Axis Corporate Bond Fund - Direct Plan Growth,5000 and in multiples of Re. 1/- thereafter,19.2846,2026-07-17,,,INF846K01ZM8,-,INF846K01ZM8,2017-06-23,2017-07-07
118807,Nippon India Corporate Bond Fund,Nippon Life India Asset Management Limited,Open Ended,Debt Scheme - Corporate Bond Fund,Nippon India Corporate Bond Fund - Direct Plan Growth Plan - Bonus,Growth Plan   Rs. 1000 & other Plans   Rs. 5000,47.7824,2026-07-17,0.0147,April - June 2026,INF204K01D63,-,INF204K01D63,2000-08-16,2000-09-14
143241,Union Corporate Bond Fund,Union Asset Management Company Private Limited,Open Ended,Debt Scheme - Corporate Bond Fund,Union Corporate Bond Fund - Direct Plan - Growth Option,Rs.1000 and Rs.1 thereafter,16.4902,2026-07-17,,,INF582M01DU5,-,INF582M01DU5,2018-05-04,
119621,Sundaram Corporate Bond Fund,Sundaram Asset Management Company Ltd,Open Ended,Debt Scheme - Corporate Bond Fund,Sundaram Corporate Bond Fund Direct Plan - Growth,1000,43.9088,2026-07-17,323.2693,April - June 2026,INF903J01NR4,-,INF903J01NR4,2004-12-20,
118814,Nippon India Corporate Bond Fund,Nippon Life India Asset Management Limited,Open Ended,Debt Scheme - Corporate Bond Fund,Nippon India Corporate Bond Fund - Direct Plan Growth Plan - Growth Option,Growth Plan   Rs. 1000 & other Plans   Rs. 5000,66.9269,2026-07-17,7917.1706,April - June 2026,INF204K01C15,-,INF204K01C15,2000-08-16,2000-09-14
138330,PGIM India Corporate Bond Fund,PGIM India Asset Management Private Limite,Open Ended,Debt Scheme - Corporate Bond Fund,PGIM India Corporate Bond Fund - Direct Plan - Growth,Rs. 5000/- and in multiples of Re. 1/- thereafter.,50.9249,2026-07-17,27.6198,April - June 2026,INF223J01OO2,-,INF223J01OO2,2003-01-14,2003-01-20
150237,BARODA BNP PARIBAS CORPORATE BOND FUND,Baroda BNP Paribas Asset Management India Private Limited,Open Ended,Debt Scheme - Corporate Bond Fund,BARODA BNP PARIBAS Corporate Bond Fund - Direct Plan - Growth Option,5000,31.1671,2026-07-17,,,INF251K01GP4,-,INF251K01GP4,2008-09-29,2008-10-22
118987,HDFC Corporate Bond Fund,HDFC Asset Management Company Limited,Open Ended,Debt Scheme - Corporate Bond Fund,HDFC Corporate Bond Fund - Growth Option - Direct Plan,5000,35.1786,2026-07-17,24304.2821,April - June 2026,INF179K01XD8,-,INF179K01XD8,2010-06-25,
119533,Aditya Birla Sun Life Corporate Bond Fund,Aditya Birla Sun Life AMC Limited,Open Ended,Debt Scheme - Corporate Bond Fund,Aditya Birla Sun Life Corporate Bond Fund - Growth - Direct Plan,5000,121.5081,2026-07-17,,,INF209K01S38,-,INF209K01S38,1997-03-20,1997-03-20
148755,Mirae Asset Corporate Bond Fund,Mirae Asset Investment Managers (India) Pvt. Ltd,Open Ended,Debt Scheme - Corporate Bond Fund,Mirae Asset Corporate Bond Fund Direct Growth Plan,Investors can invest under the Scheme during the N,13.7647,2026-07-17,32.114000000000004,April - June 2026,INF769K01HD9,-,INF769K01HD9,2021-02-24,
146215,SBI Corporate Bond Fund,SBI Funds Management Limited,Open Ended,Debt Scheme - Corporate Bond Fund,SBI Corporate Bond Fund - Direct Plan - Growth,Rs. 5000/- and in multiples of Re. 1/- thereafter,16.9438,2026-07-17,14278.5103,April - June 2026,INF200KA1YR4,-,INF200KA1YR4,2019-01-16,2019-01-29
150996,HSBC Corporate Bond Fund,HSBC Asset Management (India) Private Ltd.,Open Ended,Debt Scheme - Corporate Bond Fund,HSBC Corporate Bond Fund - Direct Growth,Rs. 5000 and in multiples of Re. 1 thereafter,82.7069,2026-07-17,,,INF917K01HN3,-,INF917K01HN3,1997-02-10,
151320,TRUSTMF CORPORATE BOND FUND,Trust Asset Management Private Limited,Open Ended,Debt Scheme - Corporate Bond Fund,TRUSTMF CORPORATE BOND FUND-DIRECT PLAN-GROWTH,1000,1269.5814,2026-07-17,,,INF0GCD01560,-,INF0GCD01560,2023-01-09,
120692,ICICI Prudential Corporate Bond Fund,ICICI Prudential Asset Management Company Limited,Open Ended,Debt Scheme - Corporate Bond Fund,ICICI Prudential Corporate Bond Fund - Direct Plan - Growth,15000 Reg 5Cr Premium 200Cr SuperPre,33.3928,2026-07-17,,,INF109K016B1,-,INF109K016B1,2009-06-10,
135916,BANDHAN Corporate Bond Fund,Bandhan AMC Limited,Open Ended,Debt Scheme - Corporate Bond Fund,BANDHAN Corporate Bond Fund - Direct Growth,Fresh Purchase - Rs.5000/- and in multiple of Re1,21.0929,2026-07-17,11274.8402,April - June 2026,INF194KA1M23,-,INF194KA1M23,2015-12-28,
153242,Union Short Duration Fund,Union Asset Management Company Private Limited,Open Ended,Debt Scheme - Short Duration Fund,Union Short Duration Fund - Direct Plan - Growth Option,Rs. 1000,11.0147,2026-07-17,,,INF582M01KO3,-,INF582M01KO3,2025-01-15,2025-01-29
123704,Groww Short Term Fund,Groww Asset Management Limited,Open Ended,Debt Scheme - Short Duration Fund,Groww Short Term Fund (formerly known as Indiabulls Short Term Fund) - Direct Plan - Growth Option,500,2541.4801,2026-07-17,77.2928,April - June 2026,INF666M01AC0,-,INF666M01AC0,2013-08-22,2013-09-05
120510,Axis Short Duration Fund,Axis Asset Management Co. Ltd.,Open Ended,Debt Scheme - Short Duration Fund,Axis Short Duration Fund - Direct Plan - Growth Option,Retail  Rs.5000 Institutional  Rs.1 Crore,36.0672,2026-07-17,,,INF846K01EI1,-,INF846K01EI1,2010-01-19,
148729,Mahindra Manulife Short Duration Fund,Mahindra Manulife Investment Management Pvt Ltd,Open Ended,Debt Scheme - Short Duration Fund,Mahindra Manulife Short Duration Fund - Direct Plan -Growth,Rs. 1000 and in multiples of Re. 1/- thereafter,14.2178,2026-07-17,35.1392,April - June 2026,INF174V01AM5,-,INF174V01AM5,2021-02-09,
119498,Aditya Birla Sun Life Short Term Fund,Aditya Birla Sun Life AMC Limited,Open Ended,Debt Scheme - Short Duration Fund,Aditya Birla Sun Life Short Term Fund - Growth - Direct Plan,5000,54.9595,2026-07-17,,,INF209K01XK8,-,INF209K01XK8,2002-04-22,2003-04-24
119816,SBI SHORT TERM DEBT FUND,SBI Funds Management Limited,Open Ended,Debt Scheme - Short Duration Fund,SBI SHORT TERM DEBT FUND - DIRECT PLAN -GROWTH,10000,36.2894,2026-07-17,10819.0581,April - June 2026,INF200K01VE4,-,INF200K01VE4,2007-07-19,2007-07-26
148313,Franklin India Short-Term Income Plan (no. of segregated portfolios- 3),Franklin Templeton Asset Management (India) Private Limited,Open Ended,Debt Scheme - Short Duration Fund,Franklin India Short Tem Income Plan - Segregated Portfolio 3 (9.50% Yes Bank Ltd CO 23Dec21) - Direct Retail Plan Growth Option,Rs.5000 (Retail) Rs.5 Crs (Institutional),0.0,2026-07-17,,,INF090I01VS3,-,INF090I01VS3,2002-01-31,
118320,Canara Robeco Short Duration Fund,Canara Robeco Asset Management Company Limited,Open Ended,Debt Scheme - Short Duration Fund,CANARA ROBECO SHORT DURATION FUND - DIRECT PLAN - GROWTH OPTION,Rs. 5000.00 and multiples of Re.1.00 thereafter,29.3724,2026-07-17,,,INF760K01DX5,-,INF760K01DX5,2011-04-01,2011-04-15
151067,HSBC Short Duration Fund,HSBC Asset Management (India) Private Ltd.,Open Ended,Debt Scheme - Short Duration Fund,HSBC Short Duration Fund - Direct Growth,Rs. 10000/- and in multiples of Re. 1/- thereafter,29.808,2026-07-17,,,INF917K01IQ4,-,INF917K01IQ4,2011-12-07,2011-12-21
120560,Invesco India Short Duration Fund,Invesco Asset Management (India) Private Limited,Open Ended,Debt Scheme - Short Duration Fund,Invesco India Short Duration Fund - Direct Plan - Growth,Rs. 5000/- and in multiples of Re.1,4183.9599,2026-07-17,619.0233999999999,April - June 2026,INF205K01UH8,-,INF205K01UH8,2007-03-21,2007-03-22
120754,ICICI Prudential Short Term Fund,ICICI Prudential Asset Management Company Limited,Open Ended,Debt Scheme - Short Duration Fund,ICICI Prudential Short Term Fund - Direct Plan - Growth Option,5000,70.3253,2026-07-17,,,INF109K013N3,-,INF109K013N3,2012-12-11,
120471,JM Short Term Fund,JM Financial Asset Management Limited,Open Ended,Debt Scheme - Short Duration Fund,JM Short Term Fund (Direct) - Growth Option,100000,26.9629,2020-09-25,,,INF192K01EA7,-,INF192K01EA7,2002-06-18,
142641,Mirae Asset Short Duration Fund,Mirae Asset Investment Managers (India) Pvt. Ltd,Open Ended,Debt Scheme - Short Duration Fund,Mirae Asset Short Duration Fund - Direct Plan - Growth,5000,17.7217,2026-07-17,332.5786,April - June 2026,INF769K01DX6,-,INF769K01DX6,2018-02-23,
118407,Bandhan Short Duration Fund,Bandhan AMC Limited,Open Ended,Debt Scheme - Short Duration Fund,Bandhan Short Duration Fund - Direct Plan - Growth,500,65.406,2026-07-17,5470.906899999999,April - June 2026,INF194K01U07,-,INF194K01U07,2001-04-01,
119016,HDFC Short Term Debt Fund,HDFC Asset Management Company Limited,Open Ended,Debt Scheme - Short Duration Fund,HDFC Short Term  Debt Fund - Growth Option - Direct Plan,Rs. 5000,35.2293,2026-07-17,10226.6353,April - June 2026,INF179K01YM7,-,INF179K01YM7,2010-06-21,2010-06-24
119226,DSP Short Term Fund,DSP Asset Managers Private Limited,Open Ended,Debt Scheme - Short Duration Fund,DSP Short Term Fund - Direct Plan - Growth,Rs. 1000/  and any amount thereafter,53.7567,2026-07-17,2752.2108000000003,April - June 2026,INF740K01NJ5,-,INF740K01NJ5,2002-08-30,2002-09-04
118565,Franklin India Short-Term Income Plan (no. of segregated portfolios- 3),Franklin Templeton Asset Management (India) Private Limited,Open Ended,Debt Scheme - Short Duration Fund,Franklin India SHORT TERM INCOME PLAN - Direct - GROWTH,Rs.5000 (Retail) Rs.5 Crs (Institutional),15097.536,2025-05-02,,,INF090I01GK1,-,INF090I01GK1,2002-01-31,
149587,Sundaram Short Duration Fund (Formerly Known as Principal Short Term Debt Fund),Sundaram Asset Management Company Ltd,Open Ended,Debt Scheme - Short Duration Fund,Sundaram Short Duration Fund (Formerly Known as Principal Short Term Debt Fund)- Direct Plan - Growth Option,5000,50.9432,2026-07-17,89.1788,April - June 2026,INF173K01GP0,-,INF173K01GP0,2002-04-24,
118796,Nippon India Short Duration Fund,Nippon Life India Asset Management Limited,Open Ended,Debt Scheme - Short Duration Fund,Nippon India Short Duration Fund - Direct Plan Growth Plan - Growth Option,Rs.100 & in multiples of Re. 1 thereafter.,61.2321,2026-07-17,4902.3616,April - June 2026,INF204K01B32,-,INF204K01B32,2002-12-09,
149076,TRUSTMF Short Duration Fund,Trust Asset Management Private Limited,Open Ended,Debt Scheme - Short Duration Fund,TRUSTMF Short Duration Fund-Direct Plan-Growth,1000,1351.2473,2026-07-17,,,INF0GCD01370,-,INF0GCD01370,2021-07-20,2021-08-03
150260,BARODA BNP PARIBAS AGGRESSIVE HYBRID FUND,Baroda BNP Paribas Asset Management India Private Limited,Open Ended,Hybrid Scheme - Aggressive Hybrid Fund,Baroda BNP Paribas Aggressive Hybrid Fund- DIRECT PLAN - GROWTH OPTION,5000,32.5763,2026-07-17,,,INF251K01OZ7,-,INF251K01OZ7,2017-03-17,2017-03-31
133035,Kotak Aggressive Hybrid Fund,Kotak Mahindra Asset Management Company Limited.,Open Ended,Hybrid Scheme - Aggressive Hybrid Fund,Kotak Aggressive Hybrid Fund - Direct Plan -Growth,Rs.1000,77.483,2026-07-17,1006.2363,April - June 2026,INF174K01F00,-,INF174K01F00,1999-11-29,1999-11-29
147446,Mahindra Manulife Aggressive Hybrid Fund,Mahindra Manulife Investment Management Pvt Ltd,Open Ended,Hybrid Scheme - Aggressive Hybrid Fund,Mahindra Manulife Aggressive Hybrid Fund - Direct Plan -Growth,Rs. 1000/- and in multiples of Re. 1/- thereafter,30.5215,2026-07-17,59.1412,April - June 2026,INF174V01788,-,INF174V01788,2019-06-28,
138386,PGIM India Aggressive Hybrid Equity Fund,PGIM India Asset Management Private Limite,Open Ended,Hybrid Scheme - Aggressive Hybrid Fund,PGIM India Aggressive Hybrid Equity Fund - Direct Plan - Growth,Rs. 5000/- and in multiples of Re. 1/- thereafter.,157.46,2026-07-17,11.9857,April - June 2026,INF663L01GX2,-,INF663L01GX2,2004-01-15,
120251,ICICI Prudential Equity & Debt Fund,ICICI Prudential Asset Management Company Limited,Open Ended,Hybrid Scheme - Aggressive Hybrid Fund,ICICI Prudential Equity & Debt Fund - Direct Plan - Growth,5000,455.61,2026-07-17,,,INF109K01Y07,-,INF109K01Y07,2000-01-01,
120261,LIC MF Aggressive Hybrid Fund,LIC Mutual Fund Asset Management Limited,Open Ended,Hybrid Scheme - Aggressive Hybrid Fund,LIC MF Aggressive Hybrid Fund-Direct Plan-Growth,Rs.1000/-,227.1118,2026-07-17,32.1231,April - June 2026,INF767K01ED0,-,INF767K01ED0,1991-01-01,1991-01-01
151122,HSBC Aggressive Hybrid Fund,HSBC Asset Management (India) Private Ltd.,Open Ended,Hybrid Scheme - Aggressive Hybrid Fund,HSBC Aggressive Hybrid Fund - Direct Growth,5000,66.8319,2026-07-17,,,INF917K01LE4,-,INF917K01LE4,2011-01-17,2011-01-31
147689,Nippon India Aggressive Hybrid Fund (Existing Number of Segregated Portfolios - 2),Nippon Life India Asset Management Limited,Open Ended,Hybrid Scheme - Aggressive Hybrid Fund,Nippon India Aggressive Hybrid Fund - Segregated Portfolio 1 - Direct Plan - Growth Plan,500/- and in multiples of Re.1 thereafter,0.1261,2025-03-21,,,INF204KB16F3,-,INF204KB16F3,2005-05-10,
120674,UTI Aggressive Hybrid Fund,UTI Asset Mgmt. Co. Ltd.,Open Ended,Hybrid Scheme - Aggressive Hybrid Fund,UTI Aggressive Hybrid Fund -Direct Plan - Growth,Rs.10000,441.9159,2026-07-17,533.1096,April - June 2026,INF789F01SK9,-,INF789F01SK9,1995-01-02,
118272,Canara Robeco Equity Hybrid Fund,Canara Robeco Asset Management Company Limited,Open Ended,Hybrid Scheme - Aggressive Hybrid Fund,CANARA ROBECO EQUITY HYBRID FUND - DIRECT PLAN - GROWTH OPTION,Rs.5000/-,419.45,2026-07-17,,,INF760K01EZ8,-,INF760K01EZ8,1992-12-01,1993-01-01
119019,DSP Aggressive Hybrid Fund,DSP Asset Managers Private Limited,Open Ended,Hybrid Scheme - Aggressive Hybrid Fund,DSP Aggressive Hybrid Fund - Direct Plan - Growth,Rs. 1000/  and any amount thereafter,400.965,2026-07-17,996.2107,April - June 2026,INF740K01NY4,-,INF740K01NY4,1999-05-03,1999-05-14
134813,Mirae Asset Aggressive Hybrid Fund,Mirae Asset Investment Managers (India) Pvt. Ltd,Open Ended,Hybrid Scheme - Aggressive Hybrid Fund,Mirae Asset Aggressive Hybrid Fund - Direct Plan - Growth,Rs. 5000 and in multiples of Re.1 thereafter,39.454,2026-07-17,1832.8158,April - June 2026,INF769K01DH9,-,INF769K01DH9,2015-07-08,
119053,Tata Aggressive Hybrid Fund,Tata Asset Management Limited,Open Ended,Hybrid Scheme - Aggressive Hybrid Fund,Tata Aggressive Hybrid Fund -Direct Plan- Growth Option,5000.00,500.1894,2026-07-17,,,INF277K01MN2,-,INF277K01MN2,1995-08-30,
120819,Quant Aggressive Hybrid Fund,quant Money Managers Limited,Open Ended,Hybrid Scheme - Aggressive Hybrid Fund,quant Aggressive Hybrid Fund-Growth Option-Direct Plan,Rs. 5000/-,522.6806,2026-07-17,,,INF966L01556,-,INF966L01556,2001-02-19,2001-03-20
120517,Aditya Birla Sun Life Equity Hybrid '95 Fund,Aditya Birla Sun Life AMC Limited,Open Ended,Hybrid Scheme - Aggressive Hybrid Fund,Aditya Birla Sun Life Equity Hybrid'95 Fund - Direct Plan-Growth,5000,1741.46,2026-07-17,,,INF209K01ZC0,-,INF209K01ZC0,1995-01-19,
145599,Groww Aggressive Hybrid Fund,Groww Asset Management Limited,Open Ended,Hybrid Scheme - Aggressive Hybrid Fund,Groww Aggressive Hybrid Fund (formerly known as Indiabulls Equity Hybrid Fund) - Direct Plan - Growth option,Rs. 500 and in multiples of  Re. 1 thereafter,23.2517,2026-07-17,11.7624,April - June 2026,INF666M01FA3,-,INF666M01FA3,2018-11-22,2018-12-06
118546,Franklin India Aggressive Hybrid Fund,Franklin Templeton Asset Management (India) Private Limited,Open Ended,Hybrid Scheme - Aggressive Hybrid Fund,Franklin India Aggressive Hybrid Fund - Direct - Growth,Rs.5000,310.4604,2026-07-17,,,INF090I01FZ1,-,INF090I01FZ1,1999-12-10,
118624,Edelweiss Aggressive Hybrid Fund,Edelweiss Asset Management Limited,Open Ended,Hybrid Scheme - Aggressive Hybrid Fund,Edelweiss Aggressive Hybrid Fund-Direct Plan-Growth Option,Rs 1000/- & in multiples of Re.1/- thereafter,75.55,2026-07-17,464.4126,April - June 2026,INF754K01CE0,-,INF754K01CE0,2009-06-08,2009-06-10
148265,Nippon India Aggressive Hybrid Fund (Existing Number of Segregated Portfolios - 2),Nippon Life India Asset Management Limited,Open Ended,Hybrid Scheme - Aggressive Hybrid Fund,Nippon India Aggressive  Hybrid Fund - Segregated Portfolio 2 - Direct Plan - Growth Plan,500/- and in multiples of Re.1 thereafter,0.0,2026-07-17,,,INF204KB13T1,-,INF204KB13T1,2005-05-10,
118794,Nippon India Aggressive Hybrid Fund (Existing Number of Segregated Portfolios - 2),Nippon Life India Asset Management Limited,Open Ended,Hybrid Scheme - Aggressive Hybrid Fund,Nippon India Aggressive Hybrid Fund  - Direct Plan Growth Plan,500/- and in multiples of Re.1 thereafter,121.7018,2026-07-17,268.8882,April - June 2026,INF204K01B08,-,INF204K01B08,2005-05-10,
148978,Kotak Nifty 50 Index Fund,Kotak Mahindra Asset Management Company Limited.,Open Ended,Other Scheme - Index Funds,Kotak Nifty 50 Index Fund - Direct Plan-Growth,Rs. 100/- and in multiples of Re. 1 for purchases,16.153,2026-07-17,820.4883,April - June 2026,INF174KA1HA7,-,INF174KA1HA7,2021-05-31,
152365,ICICI Prudential Nifty50 Value 20 Index Fund,ICICI Prudential Asset Management Company Limited,Open Ended,Other Scheme - Index Funds,ICICI Prudential Nifty50 Value 20 Index Fund - Direct Plan - Growth,100,10.3574,2026-07-17,,,INF109KC16T3,-,INF109KC16T3,2024-01-15,
153086,UTI Nifty Alpha Low-Volatility 30 Index Fund,UTI Asset Mgmt. Co. Ltd.,Open Ended,Other Scheme - Index Funds,UTI Nifty Alpha Low-Volatility 30 Index Fund - Direct Plan - Growth Option,Rs 1000 and in multiple of Rs 1,9.7579,2026-07-17,27.649,April - June 2026,INF789F1AZM9,-,INF789F1AZM9,2024-11-11,
151814,Motilal Oswal Nifty Microcap 250 Index Fund,Motilal Oswal Asset Management Company Limited,Open Ended,Other Scheme - Index Funds,Motilal Oswal Nifty Microcap 250 Index Fund- Direct- Growth Option,Rs. 500/- and in multiples of Re. 1/- thereafter.,18.3008,2026-07-17,1527.2995,April - June 2026,INF247L01BQ9,-,INF247L01BQ9,2023-06-15,2023-06-29
153350,Bandhan Nifty Next 50 Index Fund,Bandhan AMC Limited,Open Ended,Other Scheme - Index Funds,Bandhan Nifty Next 50 Index Fund - Direct Plan - Growth,Rs. 1000/- and in multiples of Re. 1/- thereafter,12.6616,2026-07-17,11.4247,April - June 2026,INF194KB1JK7,-,INF194KB1JK7,2025-02-13,
153679,ICICI Prudential Nifty Private Bank Index Fund,ICICI Prudential Asset Management Company Limited,Open Ended,Other Scheme - Index Funds,ICICI Prudential Nifty Private Bank Index Fund - Direct Plan - Growth,1000,10.2278,2026-07-17,,,INF109K1A369,-,INF109K1A369,2025-07-01,
153956,ANGEL ONE NIFTY TOTAL MARKET MOMENTUM QUALITY 50 INDEX FUND,Angel One Asset Management Company Limited,Open Ended,Other Scheme - Index Funds,ANGEL ONE NIFTY TOTAL MARKET MOMENTUM QUALITY 50 INDEX FUND - DIRECT GROWTH,1000,9.981,2026-07-17,7.093999999999999,April - June 2026,INF1J2R01122,-,INF1J2R01122,2025-11-03,
153161,ICICI Prudential Nifty 500 Index Fund,ICICI Prudential Asset Management Company Limited,Open Ended,Other Scheme - Index Funds,ICICI Prudential Nifty 500 Index Fund - Direct Plan - Growth,Rs.100/- (plus in multiple of Re. 1/-),10.5366,2026-07-17,,,INF109KC16Y3,-,INF109KC16Y3,2024-12-10,
154027,Navi Nifty Midsmallcap 400 Index Fund,Navi AMC Limited,Open Ended,Other Scheme - Index Funds,Navi Nifty midsmallcap 400 Index Fund- Direct - Growth,100,10.7232,2026-07-17,8.4847,April - June 2026,INF959L01HR4,-,INF959L01HR4,2025-11-24,
152392,Nippon India Nifty IT Index Fund,Nippon Life India Asset Management Limited,Open Ended,Other Scheme - Index Funds,Nippon India Nifty IT Index Fund - Direct Plan - Growth Option,Rs.1000 and in multiples of Re.1 thereafter,8.0207,2026-07-17,120.225,April - June 2026,INF204KC1CE2,-,INF204KC1CE2,2024-02-05,
150733,ICICI Prudential Nifty G-Sec Dec 2030 Index Fund,ICICI Prudential Asset Management Company Limited,Open Ended,Other Scheme - Index Funds,ICICI Prudential Nifty G-Sec Dec 2030 Index Fund - Direct Plan - Growth,1000,13.417,2026-07-17,,,INF109KC18K8,-,INF109KC18K8,2022-10-04,
153097,HDFC Nifty India Digital Index Fund,HDFC Asset Management Company Limited,Open Ended,Other Scheme - Index Funds,HDFC Nifty India Digital Index Fund - Growth Option - Direct,100,8.323,2026-07-17,62.16310000000001,April - June 2026,INF179KC1JB4,-,INF179KC1JB4,2024-11-22,2024-12-06
153581,Tata Nifty Midcap 150 Index Fund,Tata Asset Management Limited,Open Ended,Other Scheme - Index Funds,Tata Nifty Midcap 150 Index Fund - Direct Plan - Growth Option,Rs. 5000/-,10.9263,2026-07-17,,,INF277KA1DZ9,-,INF277KA1DZ9,2025-06-02,
154310,Edelweiss Nifty LargeMidcap250 Plus 8-13yr G-Sec 70 30 Index Fund,Edelweiss Asset Management Limited,Open Ended,Other Scheme - Index Funds,Edelweiss Nifty LargeMidcap 250 Plus 8-13 yr G-Sec 70-30 Index Fund Direct Plan Growth,Minimum of Rs. 100 /- and in multiples of Re. 1/-,10.8467,2026-07-17,23.1096,April - June 2026,INF754K01WR0,-,INF754K01WR0,2026-03-18,
154306,Zerodha Nifty MidSmallcap400 50 50 Index Fund,Zerodha Asset Management Private Limited,Open Ended,Other Scheme - Index Funds,Zerodha Nifty MidSmallcap400 50 50 Index Fund - Direct Plan - Growth Option,100,11.268,2026-07-17,,,INF0R8F01190,-,INF0R8F01190,2026-03-23,
152535,Navi NiftyIT Index Fund,Navi AMC Limited,Open Ended,Other Scheme - Index Funds,Navi NiftyIT Index Fund - Direct Plan- Growth,Rs. 10 and in multiples of Re.1/- thereafter,8.7261,2026-07-17,20.2972,April - June 2026,INF959L01HM5,-,INF959L01HM5,2024-03-11,
153146,Kotak Nifty 100 Equal Weight Index Fund,Kotak Mahindra Asset Management Company Limited.,Open Ended,Other Scheme - Index Funds,Kotak Nifty 100 Equal Weight Index Fund - Direct Plan - Growth,Rs. 100/- and any amount thereafter,11.06,2026-07-17,34.1596,April - June 2026,INF174KA1TY2,-,INF174KA1TY2,2024-12-02,
149999,ICICI Prudential Nifty SDL Sep 2027 Index Fund,ICICI Prudential Asset Management Company Limited,Open Ended,Other Scheme - Index Funds,ICICI Prudential Nifty SDL Sep 2027 Index Fund - Direct Plan - Growth,1000,13.1845,2026-07-17,,,INF109KC14B6,-,INF109KC14B6,2022-03-22,
150845,HDFC Nifty G-Sec Dec 2026 Index Fund,HDFC Asset Management Company Limited,Open Ended,Other Scheme - Index Funds,HDFC Nifty G-Sec Dec 2026 Index Fund - Growth Option - Direct Plan,100,12.947,2026-07-17,858.1497,April - June 2026,INF179KC1EE9,-,INF179KC1EE9,2022-11-01,2022-11-09
153786,Groww Nifty Next 50 Index Fund,Groww Asset Management Limited,Open Ended,Other Scheme - Index Funds,Groww Nifty Next 50 Index Fund Direct Growth,Rs. 500 and in multiples of  Re. 1,10.6283,2026-07-17,6.8889,April - June 2026,INF666M01LT1,-,INF666M01LT1,2025-08-06,2025-08-20
